Own BIC,Correspondent,R. Status,R. Restr.,S. Status,S. Restr.,Correspondent Name
MHCBINBB,AAALSARI,Enabled," "," "," ",ALAWWAL BANK
MHCBINBB,ABKKKWKW,Rejected," ",Revoked," ",AL AHLI BANK OF KUWAIT K.S.C.P
MHCBINBB,ABNADEFF,Rejected," ",Revoked," ",
MHCBINBB,ABNANL2A,Enabled," ",Enabled," ",ABN AMRO BANK N.V.
MHCBINBB,ABNANL2R,Enabled," ",Enabled," ",ABN AMRO BANK N.V.
MHCBINBB,ABNASG2A," "," ",Revoked," ",ABN AMRO BANK N.V. SINGAPORE BRANCH
MHCBINBB,ABNASGSG,Rejected," ",Revoked," ",
MHCBINBB,ABNAUS33,Rejected," ",Revoked," ",
MHCBINBB,ABNAUS4C,Rejected," ",Revoked," ",
MHCBINBB,ABOCCNBJ,Enabled," ",Enabled," ","AGRICULTURAL BANK OF CHINA, THE"
MHCBINBB,ABSAZAJJ,Enabled," "," "," ",ABSA BANK LIMITED
MHCBINBB,ABYSETAA,Enabled," ",Enabled," ",BANK OF ABYSSINIA
MHCBINBB,ACLXTHBK,Enabled," ",Enabled," ",
MHCBINBB,ADCBAEAA,Enabled," ",Enabled," ",ABU DHABI COMMERCIAL BANK
MHCBINBB,ADIABE22,Enabled," ",Enabled," ",KBC BANK N.V. BC DIAMANT
MHCBINBB,ADIBUS33,Revoked," ",Deleted," ",FIRST ABU DHABI BANK USA N.V.
MHCBINBB,AEIBDEFX,Revoked," ",Deleted," ",
MHCBINBB,AEIBGB2X,Revoked," ",Deleted," ",
MHCBINBB,AEIBHKHX," "," ",Deleted," ",
MHCBINBB,AEIBUS33,Revoked," ",Deleted," ",
MHCBINBB,AFRIMGMG,Enabled," ",Enabled," ",BANK OF AFRICA MADAGASCAR
MHCBINBB,AGRIUAUK,Revoked," ",Deleted," ",CREDIT AGRICOLE BANK PJSC
MHCBINBB,AHCRESVV,Revoked," ",Deleted," ",
MHCBINBB,AJIBJOAX,Revoked," ",Deleted," ",ARAB JORDAN INVESTMENT BANK
MHCBINBB,AKBKTRIS,Enabled," ",Enabled," ",AKBANK T.A.S.
MHCBINBB,AMASJPJZ,Enabled," ",Enabled," ","AMAGASAKI SHINKIN BANK, THE"
MHCBINBB,ANDLTRIS,Enabled," ",Enabled," ",ANADOLUBANK A.S.
MHCBINBB,ANZBAU2S,Enabled," ",Enabled," ",
MHCBINBB,ANZBAU3M,Enabled," ",Enabled," ",AUSTRALIA AND NEW ZEALAND BANKING GROUP LIMITED
MHCBINBB,ANZBAU6P," "," ",Enabled," ",
MHCBINBB,ANZBGB2L,Enabled," ",Enabled," ",AUSTRALIA AND NEW ZEALAND BANKING GROUP LIMITED
MHCBINBB,ANZBIDJX,Enabled," ",Enabled,*,"BANK ANZ INDONESIA, P.T."
MHCBINBB,ANZBLALA,Enabled," ",Enabled," ",ANZ BANK (LAO) LIMITED
MHCBINBB,ANZBNZ22,Enabled," ",Enabled," ",ANZ BANK NEW ZEALAND LIMITED
MHCBINBB,ARABAEAD,Enabled," ",Enabled," ",ARAB BANK PLC
MHCBINBB,ARABJOAX,Enabled," ",Enabled," ",ARAB BANK PLC
MHCBINBB,ARABMAMC,Enabled," "," "," ",ARAB BANK PLC.
MHCBINBB,ARABQAQA,Enabled," "," "," ",ARAB BANK PLC
MHCBINBB,ARAIEGCX,Enabled," ",Enabled," ",ARAB AFRICAN INTERNATIONAL BANK
MHCBINBB,ASDBPHMM,Enabled," ",Enabled," ",ASIAN DEVELOPMENT BANK
MHCBINBB,ASIKJPJT,Enabled," ",Enabled," ",ASHIKAGA BANK
MHCBINBB,ASKBJPJT,Enabled," ",Enabled," ","ASAHI SHINKIN BANK, THE"
MHCBINBB,AWINETAA,Enabled," ",Enabled," ",AWASH INTERNATIONAL BANK S.C.
MHCBINBB,AXISAEAD,Enabled," ",Enabled," ","AXIS BANK LIMITED, DIFC BRANCH (REGULATED BY DFSA)"
MHCBINBB,AXISCNSH,Enabled," ",Enabled," ",AXIS BANK LIMITED SHANGHAI BRANCH
MHCBINBB,AXISHKHH,Enabled," ",Enabled," ",AXIS BANK LIMITED
MHCBINBB,AXISINBB,Enabled," ",Enabled," ",AXIS BANK LIMITED
MHCBINBB,AXISLKLX,Enabled," ",Enabled," ",AXIS BANK LTD.
MHCBINBB,AXISSGSG,Enabled," ",Enabled," ",AXIS BANK LIMITED
MHCBINBB,AYUDTHBK,Enabled," ",Enabled," ",BANK OF AYUDHYA PUBLIC COMPANY LIMITED
MHCBINBB,BACRIT22,Rejected," ",Revoked," ",CREDITO EMILIANO S.P.A.
MHCBINBB,BACXHUHB," "," ",Revoked," ",UNICREDIT BANK HUNGARY ZRT.
MHCBINBB,BACXSI22,Rejected," ",Revoked," ",UNICREDIT BANKA SLOVENIJA D.D.
MHCBINBB,BAHLPKKA,Rejected," ",Enabled," ",BANK AL HABIB LIMITED
MHCBINBB,BAPPIT22,Rejected," ",Revoked," ",BANCO BPM SPA
MHCBINBB,BARBAU2S,Enabled," ",Revoked," ",BANK OF BARODA
MHCBINBB,BARBUGKA,Enabled," "," "," ",BANK OF BARODA (UGANDA) LIMITED
MHCBINBB,BARBUS33,Enabled," ",Enabled," ",BANK OF BARODA
MHCBINBB,BARCDEFF,Enabled," ",Enabled," ",BARCLAYS BANK IRELAND PLC FRANKFURT BRANCH
MHCBINBB,BARCGB22,Enabled," ",Enabled," ",BARCLAYS BANK PLC
MHCBINBB,BARCGHAC,Enabled," ",Enabled," ",BARCLAYS BANK OF GHANA LTD.
MHCBINBB,BARCMUMU,Rejected," ",Revoked," ",BARCLAYS BANK MAURITIUS LTD
MHCBINBB,BARCUS33,Enabled," ",Enabled," ",BARCLAYS BANK PLC
MHCBINBB,BATRLV2X,Enabled," "," "," ",
MHCBINBB,BBBKTWTP,Enabled," ",Enabled," ",BANK OF PANHSIN
MHCBINBB,BBDEBRSP,Enabled," "," "," ",BANCO BRADESCO S.A.
MHCBINBB,BBKUBHBM,Enabled," ",Enabled," ",BBK
MHCBINBB,BBMEAEAD,Rejected," ",Revoked," ",HSBC BANK MIDDLE EAST LIMITED
MHCBINBB,BBMEBHBX,Rejected," ",Revoked," ",HSBC BANK MIDDLE EAST LIMITED
MHCBINBB,BBMEJOAX," "," ",Revoked," ",
MHCBINBB,BBMELBBX," "," ",Revoked," ",
MHCBINBB,BBMEOMRX,Rejected," "," "," ",HSBC BANK OMAN S.A.O.G
MHCBINBB,BBMEQAQX,Rejected," ",Revoked," ",HSBC BANK MIDDLE EAST LIMITED
MHCBINBB,BBOLECEG,Enabled," ",Enabled," ",BANCO BOLIVARIANO C.A.
MHCBINBB,BBRUBEBB," "," ",Enabled," ","ING BELGIUM NV/SA (FORMERLY BANK BRUSSELS LAMBERT SA), BRUSSELS"
MHCBINBB,BBUKIDJA,Enabled," ",Enabled," ","PT. BANK BUKOPIN, TBK"
MHCBINBB,BBVAESMM,Enabled," ",Enabled," ",BANCO BILBAO VIZCAYA ARGENTARIA S.A.
MHCBINBB,BBVAFRPP,Enabled," ",Enabled," ",BANCO BILBAO VIZCAYA ARGENTARIA
MHCBINBB,BBVAGB2L,Enabled," ",Enabled," ",BANCO BILBAO VIZCAYA ARGENTARIA S.A.
MHCBINBB,BBVAHKHH,Enabled," ",Enabled," ","BANCO BILBAO VIZCAYA ARGENTARIA, S.A., HONG KONG BRANCH"
MHCBINBB,BBVAITMM,Enabled," ",Enabled," ",BANCO BILBAO VIZCAYA ARGENTARIA S.A.
MHCBINBB,BBVAJPJT,Enabled," ",Enabled," ",BANCO BILBAO VIZCAYA ARGENTARIA TOKYO BRANCH
MHCBINBB,BBVAPTPL,Enabled," ",Enabled," ","BANCO BILBAO VIZCAYA ARGENTARIA S.A., SUCURSAL EM PORTUGAL"
MHCBINBB,BBVASGSG,Enabled," ",Enabled," ",BANCO BILBAO VIZCAYA ARGENTARIA SINGAPORE BRANCH
MHCBINBB,BCBBKYKY,Rejected," ",Revoked," ",BANCO BRADESCO S.A. - GRAND CAYMAN (FORMERLY KIRTON BANK BRASIL S.A. - GRAND CAYMAN BRANCH)
MHCBINBB,BCBIEGCX,Revoked," ",Revoked," ",ATTIJARIWAFA BANK EGYPT S.A.E
MHCBINBB,BCCTIT2T,Enabled," ",Enabled," ",
MHCBINBB,BCEELULL,Rejected," ",Revoked," ",BANQUE ET CAISSE D'EPARGNE DE L'ETAT
MHCBINBB,BCEYIN5M,Enabled," ",Enabled," ",BANK OF CEYLON
MHCBINBB,BCEYLKLX,Enabled," ",Enabled," ",BANK OF CEYLON
MHCBINBB,BCHICLRM,Rejected," "," "," ",BANCO DE CHILE
MHCBINBB,BCITITMM,Enabled," ",Enabled," ",INTESA SANPAOLO SPA
MHCBINBB,BCMAMAMC,Enabled," ",Enabled," ",ATTIJARIWAFA BANK (FORMERLY BANQUE COMMERCIALE DU MAROC)
MHCBINBB,BCONPEPL,Enabled," ",Enabled," ",BBVA BANCO CONTINENTAL
MHCBINBB,BCPOMAMC,Enabled," "," "," ",BANQUE CENTRALE POPULAIRE
MHCBINBB,BCYPCY2N,Rejected," ",Revoked," ",BANK OF CYPRUS PUBLIC COMPANY LIMITED
MHCBINBB,BECHCLRM,Enabled," ",Enabled," ",BANCO DEL ESTADO DE CHILE
MHCBINBB,BEGODEHH,Enabled," ",Enabled," ","JOH. BERENBERG,GOSSLER UND CO.KG"
MHCBINBB,BEIIIDJA,Revoked," ",Deleted," ",
MHCBINBB,BEPOIT22,Revoked," "," "," ",
MHCBINBB,BEXADZAL,Enabled," ",Enabled," ",BANQUE EXTERIEURE D'ALGERIE
MHCBINBB,BFRPARBA,Enabled," ",Enabled," ",BBVA - BANCO FRANCES S.A.
MHCBINBB,BGENIT2T,Enabled," ",Enabled," ",BANCA GENERALI SPA
MHCBINBB,BHFBDEFF,Revoked," ",Revoked," ",ODDO BHF AKTIENGESELLSCHAFT
MHCBINBB,BIATTNTT,Enabled," ",Enabled," ",BANQUE INTERNATIONALE ARABE DE TUNISIE
MHCBINBB,BICHCLRM,Revoked," ",Deleted," ",BANCO INTERNACIONAL
MHCBINBB,BIDVVNVX,Enabled," ",Enabled," ",JOINT STOCK COMMERCIAL BANK FOR INVESTMENT AND DEVELOPMENT OF VIETNAM
MHCBINBB,BIMEMXMM,Rejected," ",Revoked," ","HSBC MEXICO, S.A., INSTITUCION DE BANCA MULTIPLE, GRUPO FINANCIERO HSBC"
MHCBINBB,BINHCN2N,Enabled," ",Enabled," ",NINGBO COMMERCE BANK
MHCBINBB,BJCNCNBJ,Enabled," ",Enabled," ",BANK OF BEIJING
MHCBINBB,BKCHCNBJ,Enabled," ",Enabled," ",BANK OF CHINA
MHCBINBB,BKCHFRPP,Rejected," ",Revoked," ","BANK OF CHINA, PARIS BRANCH"
MHCBINBB,BKCHHKHH,Rejected," ",Revoked," ",BANK OF CHINA (HONG KONG) LIMITED
MHCBINBB,BKCHIDJA,Rejected," ",Revoked," ","BANK OF CHINA, JAKARTA BRANCH"
MHCBINBB,BKCHJPJT,Rejected," ",Revoked," ",BANK OF CHINA
MHCBINBB,BKCHKRSE,Rejected/Pending Reject Confirmation," ",Revoked/Pending Revoke Confirmation," ",BANK OF CHINA SEOUL BRANCH
MHCBINBB,BKCHMOMX,Rejected," ",Revoked," ","BANK OF CHINA, MACAU BRANCH"
MHCBINBB,BKCHSGSG,Rejected," ",Revoked," ",BANK OF CHINA LIMITED
MHCBINBB,BKFSCNBF,Enabled," ",Enabled," ","BANK OF FUSHUN CO.,LTD"
MHCBINBB,BKIDINBB,Rejected," "," "," ",BANK OF INDIA
MHCBINBB,BKIDJPJT,Enabled," ",Enabled," ",BANK OF INDIA
MHCBINBB,BKKBHKHH,Rejected," ",Revoked," ",BANGKOK BANK PUBLIC COMPANY LIMITED HONG KONG BRANCH
MHCBINBB,BKKBTHBK,Enabled," ",Enabled," ",BANGKOK BANK PUBLIC COMPANY LIMITED
MHCBINBB,BKKBUS33,Enabled," "," "," ","BANGKOK BANK PUBLIC COMPANY LIMITED, NEW YORK"
MHCBINBB,BKNBCN2N,Enabled," ",Enabled," ",BANK OF NINGBO
MHCBINBB,BKNZNZ22,Enabled," ",Enabled," ",BANK OF NEW ZEALAND
MHCBINBB,BKSACLRM,Rejected/Pending Reject Confirmation," ",Revoked/Pending Revoke Confirmation," ",SCOTIABANK CHILE
MHCBINBB,BKTRUS33,Enabled," ",Enabled," ",DEUTSCHE BANK TRUST COMPANY AMERICAS
MHCBINBB,BKTWTWTP,Enabled," ",Enabled," ",BANK OF TAIWAN
MHCBINBB,BLICGB2L," "," ",Revoked," ","HSBC BANK USA, N.A."
MHCBINBB,BLICHKHK,Rejected," ",Revoked," ",HSBC PRIVATE BANK (SUISSE) SA
MHCBINBB,BLICSGSX,Rejected," ",Revoked," ",
MHCBINBB,BMCEMAMC,Enabled," "," "," ",BANQUE MAROCAINE DU COMMERCE EXTERIEUR
MHCBINBB,BMCIMAMC,Rejected," "," "," ",BANQUE MAROCAINE POUR LE COMMERCE ET L'INDUSTRIE
MHCBINBB,BMRIIDJA,Rejected," ",Revoked," ","BANK MANDIRI (PERSERO), PT"
MHCBINBB,BMSXMXMM,Rejected," ",Revoked," ","BANCO SANTANDER (MEXICO), S.A., INSTITUCION DE BANCA MULTIPLE, GRUPO FINANCIERO SANTANDER"
MHCBINBB,BMUSOMRX,Enabled," ",Enabled," ",BANK MUSCAT SAOG
MHCBINBB,BNALDZAL,Enabled," ",Enabled," ",BANQUE NATIONALE D'ALGERIE
MHCBINBB,BNGRGRAA,Enabled," ",Enabled," ",BANK OF GREECE
MHCBINBB,BNLIITRR,Rejected," "," "," ",BANCA NAZIONALE DEL LAVORO S.P.A.
MHCBINBB,BNORPHMM,Enabled," ",Enabled," ","BDO UNIBANK, INC."
MHCBINBB,BNPAAEAD,Rejected," ",Revoked," ","BNP PARIBAS, DUBAI"
MHCBINBB,BNPAAU2S," "," ",Revoked," ",BNP PARIBAS AUSTRALIA
MHCBINBB,BNPABHBC,Rejected," ",Revoked," ",BNP PARIBAS BAHRAIN CONVENTIONAL RETAIL BANK
MHCBINBB,BNPAFRPP,Enabled," ",Enabled," ",BNP-PARIBAS SA (FORMERLY BANQUE NATIONALE DE PARIS S.A.)
MHCBINBB,BNPANOKK,Rejected," ",Revoked," ",BNP PARIBAS S.A. NORWAY BRANCH
MHCBINBB,BNPASGSG,Enabled," ",Enabled," ",BNP PARIBAS - SINGAPORE BRANCH
MHCBINBB,BOFASG2X,Enabled," ",Enabled," ","BANK OF AMERICA, N.A. SINGAPORE"
MHCBINBB,BOFAUS3D," "," ",Revoked," ",
MHCBINBB,BOFAUS3N,Enabled," ",Enabled/Pending Accept," ","BANK OF AMERICA, N.A."
MHCBINBB,BOFAUS6S," "," ",Enabled/Pending Accept," ","BANK OF AMERICA, N.A."
MHCBINBB,BOFSGB2S,Rejected," ",Revoked," ",BANK OF SCOTLAND PLC
MHCBINBB,BOJSCNBN,Enabled," "," "," ",BANK OF JIANGSU CO LTD
MHCBINBB,BOMLAEAD,Enabled," ",Enabled," ",MASHREQBANK PSC.
MHCBINBB,BOSHCNSH,Enabled," ",Enabled," ",BANK OF SHANGHAI
MHCBINBB,BOSUARBA,Enabled," ",Enabled," ",BANCO MACRO S.A.
MHCBINBB,BOTKAU2X,Enabled," ",Enabled," ","MUFG BANK, LTD."
MHCBINBB,BOTKBEBX,Enabled," ",Enabled," ","MUFG BANK (EUROPE) N.V. BRUSSELS BRANCH (FORMERLY THE BANK OF TOKYO-MITSUBISHI UFJ, LTD.)"
MHCBINBB,BOTKBRSX,Rejected/Pending Reject Confirmation," ",Revoked/Pending Revoke Confirmation," ",BANCO MUFG BRASIL S.A.
MHCBINBB,BOTKCATX,Enabled," "," "," ","MUFG BANK, LTD., CANADA BRANCH"
MHCBINBB,BOTKCLRM,Enabled," ",Enabled," ",
MHCBINBB,BOTKCNBD,Enabled," ",Enabled," ","MUFG BANK (CHINA),LTD. DALIAN BRANCH"
MHCBINBB,BOTKCNBJ,Enabled," ",Enabled," ","MUFG BANK (CHINA), LTD. BEIJING BRANCH"
MHCBINBB,BOTKCNBS,Enabled," ",Enabled," ","MUFG BANK (CHINA), LTD."
MHCBINBB,BOTKCNBT,Enabled," ",Enabled," ","MUFG BANK (CHINA), LTD. TIANJIN BRANCH"
MHCBINBB,BOTKCNSH,Enabled," ",Enabled," ","MUFG BANK (CHINA), LTD."
MHCBINBB,BOTKCZPP,Rejected," ",Revoked," ",MUFG BANK (EUROPE) N.V. PRAGUE BRANCH (FORMERLY BANK OF TOKYO-MITSUBISHI UFJ (HOLLAND) N.V.)
MHCBINBB,BOTKDEDX,Enabled," ",Enabled," ","MUFG BANK (EUROPE) N.V. GERMANY BRANCH (FORMERLY THE BANK OF TOKYO-MITSUBISHI UFJ, LTD.)"
MHCBINBB,BOTKGB2L,Enabled," ",Enabled," ","MUFG BANK, LTD."
MHCBINBB,BOTKHKHH,Enabled," ",Enabled," ","MUFG BANK, LTD."
MHCBINBB,BOTKINBB,Enabled," ",Enabled," ","MUFG BANK, LTD."
MHCBINBB,BOTKINDD,Enabled," ",Enabled," ","MUFG BANK, LTD."
MHCBINBB,BOTKJPJT,Enabled," ",Enabled," ","MUFG BANK, LTD."
MHCBINBB,BOTKKRSX,Enabled," ",Enabled," ","MUFG BANK, LTD., SEOUL BRANCH"
MHCBINBB,BOTKMXMX,Enabled," "," "," ",MUFG BANK MEXICO S.A. INSTITUCION DE BANCA MULTIPLE FILIAL
MHCBINBB,BOTKMYKX,Enabled," ",Enabled," ",MUFG BANK (MALAYSIA) BERHAD
MHCBINBB,BOTKNL2X,Rejected," ",Revoked," ",MUFG BANK (EUROPE) N.V. AMSTERDAM (FORMERLY BANK OF TOKYO-MITSUBISHI UFJ (HOLLAND) N.V.)
MHCBINBB,BOTKPLPW,Revoked," ",Deleted," ",MUFG BANK (EUROPE) N.V. S.A. ODDZIAL W POLSCE (FORMERLY BANK OF TOKYO-MITSUBISHI UFJ (POLSKA) S.A.)
MHCBINBB,BOTKSGSX,Enabled," ",Enabled," ","MUFG BANK, LTD."
MHCBINBB,BOTKTHBX,Enabled," ",Enabled," ","BANK OF AYUDHYA PUBLIC COMPANY LIMITED, BANGKOK OFFICE"
MHCBINBB,BOTKTWTX,Enabled," ",Enabled," ","MUFG BANK, LTD., TAIPEI BRANCH"
MHCBINBB,BOTKUS33,Rejected," ",Revoked," ",MUFG BANK LTD.
MHCBINBB,BOTKUS3N,Enabled," "," "," ",
MHCBINBB,BOTKUS6L,Rejected," ",Revoked," ",MUFG BANK LTD.
MHCBINBB,BPAAIT2B,Revoked," ",Deleted," ",BANCA POPOLARE DELL'ALTO ADIGE/SUEDTIROLER VOLKSBANK
MHCBINBB,BPMOIT22,Enabled," ",Enabled," ",BPER BANCA S.P.A.
MHCBINBB,BPPNIT2P,Enabled," ",Enabled," ",CREDIT AGRICOLE FRIULADRIA SPA
MHCBINBB,BRASBRRJ," "," ",Revoked," ",BANCO DO BRASIL S.A.
MHCBINBB,BRCBCNBJ,Enabled," ",Enabled," ",BEIJING RURAL COMMERCIAL BANK
MHCBINBB,BROUUS33,Enabled," "," "," ",BANCO DE LA REPUBLICA ORIENTAL DEL URUGUAY
MHCBINBB,BRUSDE66,Revoked," ",Deleted," ",SPARKASSE KRAICHGAU BRUCHSAL-BRETTEN-SINSHEIM
MHCBINBB,BSABESBB,Enabled," ",Enabled," ","BANCO DE SABADELL, S.A."
MHCBINBB,BSAMLKLX,Enabled," ",Enabled," ",SAMPATH BANK PLC
MHCBINBB,BSCHCLRM,Rejected," ",Revoked," ",BANCO SANTANDER CHILE
MHCBINBB,BSCHESMM,Rejected," ",Revoked," ",BANCO SANTANDER S.A.
MHCBINBB,BSCHUS33,Rejected," ",Revoked," ",BANCO SANTANDER S.A. NEW YORK
MHCBINBB,BSCHUYMM,Enabled," "," "," ",BANCO SANTANDER
MHCBINBB,BSFRSARI,Enabled," "," "," ",BANQUE SAUDI FRANSI
MHCBINBB,BSONBDDH,Enabled," ",Enabled," ",SONALI BANK LIMITED
MHCBINBB,BSONGB2L,Revoked," "," "," ",SONALI BANK (UK) LTD
MHCBINBB,BSUDPEPL,Rejected/Pending Reject Confirmation," ",Revoked/Pending Revoke Confirmation," ",SCOTIABANK PERU S.A.A.
MHCBINBB,BSUIESMM," "," ",Revoked," ",CREDIT AGRICOLE CIB
MHCBINBB,BSUIJPJT,Enabled," ",Enabled," ",CREDIT AGRICOLE CIB TOKYO BRANCH
MHCBINBB,BSUIYESA,Rejected," ",Revoked," ",
MHCBINBB,BTFHTRIS,Enabled," ",Enabled," ",ALBARAKA TURK PARTICIPATION BANK
MHCBINBB,BUCUROBU,Revoked," ",Deleted," ",ALPHA BANK ROMANIA SA
MHCBINBB,BUMIIDJA,Enabled," ",Enabled," ",PT.BANK MNC INTERNASIONAL TBK.
MHCBINBB,BYBACY2I,Enabled," ",Enabled," ",BYBLOS BANK S.A.L. (IBU)
MHCBINBB,CAHMESMM,Rejected," ",Revoked," ",BANKIA S.A.
MHCBINBB,CAIXESBB,Rejected," ",Revoked," ","CAIXABANK, S.A."
MHCBINBB,CAIXPLPW,Revoked," ",Deleted," ","CAIXABANK, S.A. (SPOLKA AKCYJNA) ODDZIAL W POLSCE"
MHCBINBB,CAIXROBX,Revoked," ",Deleted," ",
MHCBINBB,CARPRO22,Rejected," ",Revoked," ",PATRIA BANK S.A.
MHCBINBB,CBAFKENX,Enabled," ",Enabled," ",COMMERCIAL BANK OF AFRICA LTD.
MHCBINBB,CBEGEGCX,Enabled," ",Enabled," ",CENTRAL BANK OF EGYPT CAIRO
MHCBINBB,CBETETAA,Enabled," ",Enabled," ",COMMERCIAL BANK OF ETHIOPIA
MHCBINBB,CBLJLYLX,Revoked," "," "," ",CENTRAL BANK OF LIBYA
MHCBINBB,CBOCCNBC,Enabled," "," "," ","BANK OF CHENGDU CO.,LTD"
MHCBINBB,CCBCTWTP,Enabled," ",Enabled," ",CHANG HWA COMMERCIAL BANK LTD.
MHCBINBB,CCBPFRPP,Rejected," "," "," ",BANQUES POPULAIRES-GROUPE BPCE
MHCBINBB,CCBQHKAX,Rejected," ",Revoked," ",CHINA CONSTRUCTION BANK (ASIA) CORPORATION LIMITED
MHCBINBB,CCBQMOMX,Rejected," ",Revoked," ",CHINA CONSTRUCTION BANK CORPORATION MACAU BRANCH
MHCBINBB,CCEYBDDH,Enabled," ",Enabled," ",COMMERCIAL BANK OF CEYLON PLC
MHCBINBB,CCEYLKLX,Enabled," ",Enabled," ",COMMERCIAL BANK OF CEYLON PLC
MHCBINBB,CCFRFRPP,Rejected," ",Revoked," ",HSBC FRANCE (FORMERLY HSBC CCF)
MHCBINBB,CDMAMAMC,Rejected," "," "," ",CREDIT DU MAROC
MHCBINBB,CECAESMM,Revoked," ",Deleted," ","CECABANK, S.A."
MHCBINBB,CECAGB2X,Revoked," ",Deleted," ",CONFEDERACION ESPANOLA DE CAJAS DE AHORROS
MHCBINBB,CEKOCZPP,Rejected," ",Rejected," ","CESKOSLOVENSKA OBCHODNI BANKA, A.S."
MHCBINBB,CEKOSKBX,Rejected," ",Rejected," ","CESKOSLOVENSKA OBCHODNA BANKA, A.S."
MHCBINBB,CENAIDJA,Rejected/Pending Reject Confirmation," ",Revoked/Pending Revoke Confirmation," ",BANK CENTRAL ASIA
MHCBINBB,CEPAPFTP,Rejected," ",Revoked," ",BANQUE DE TAHITI S.A.
MHCBINBB,CFCBVNVX," "," ",Deleted," ",
MHCBINBB,CHASGB2L," "," ",Revoked,*,"JPMORGAN CHASE BANK, N.A."
MHCBINBB,CHASJPJT," "," ",Revoked," ","JPMORGAN CHASE BANK, N.A., TOKYO BRANCH"
MHCBINBB,CHASSGSG,Rejected," ",Revoked," ","JPMORGAN CHASE BANK, N.A."
MHCBINBB,CHASUS33,Enabled," ",Enabled," ","JPMORGAN CHASE BANK, N.A."
MHCBINBB,CHBHCNBT,Enabled," ",Enabled," ","CHINA BOHAI BANK CO., LTD"
MHCBINBB,CHGKJPJZ,Enabled," ",Enabled," ","CHUGOKU BANK, LTD., THE"
MHCBINBB,CIBBMYKL,Enabled," ",Enabled," ",CIMB BANK BERHAD
MHCBINBB,CIBCCATT,Rejected," ",Revoked," ",CANADIAN IMPERIAL BANK OF COMMERCE
MHCBINBB,CIBKCNBJ," "," ",Enabled," ",CHINA CITIC BANK
MHCBINBB,CITIAEAD,Enabled," ",Enabled," ",CITIBANK N.A.
MHCBINBB,CITIAU2X,Rejected/Pending Reject Confirmation," "," "," ","CITIGROUP PTY LIMITED, SYDNEY"
MHCBINBB,CITIBDDX,Enabled," ",Enabled," ",CITIBANK N.A.
MHCBINBB,CITICNSX,Enabled," ",Enabled," ","CITIBANK (CHINA) CO., LTD."
MHCBINBB,CITIDZAL,Rejected," ",Revoked," ",CITIBANK N.A. ALGERIA
MHCBINBB,CITIGB2L,Enabled," ",Enabled," ",CITIBANK N.A.
MHCBINBB,CITIHKAX,Rejected," ",Revoked," ",CITIBANK (HONG KONG) LIMITED
MHCBINBB,CITIHKHX,Enabled," ",Enabled," ",CITIBANK N.A.
MHCBINBB,CITIIE2X,Enabled," ",Enabled," ",CITIBANK EUROPE PLC
MHCBINBB,CITIINBX,Enabled," ",Enabled," ",CITIBANK N.A.
MHCBINBB,CITIJPJT,Enabled," ",Enabled," ","CITIBANK N.A., TOKYO BRANCH"
MHCBINBB,CITIMYKL,Enabled," ",Enabled," ",CITIBANK BERHAD
MHCBINBB,CITINZ2X,Enabled," ",Enabled," ",CITIBANK NA NEW ZEALAND BRANCH
MHCBINBB,CITISGSG,Enabled," ",Enabled," ","CITIBANK,N.A."
MHCBINBB,CITITHBX,Rejected," ",Enabled," ",CITIBANK N.A.
MHCBINBB,CITITWTX,Enabled," ",Enabled," ",CITIBANK TAIWAN LIMITED
MHCBINBB,CITIUS33,Enabled," ",Enabled," ",CITIBANK N.A.
MHCBINBB,CMBCCNBS,Enabled," ",Enabled," ",CHINA MERCHANTS BANK
MHCBINBB,CMCIFR2A," "," ",Revoked," ",CREDIT MUTUEL
MHCBINBB,CMCIFRPA," "," ",Revoked," ",CREDIT MUTUEL - CIC BANQUES
MHCBINBB,CMCIFRPP," "," ",Deleted," ",CM - CIC BANQUES
MHCBINBB,CNRBGB2L,Enabled," ",Enabled," ",CANARA BANK
MHCBINBB,COBADEFF,Rejected," ",Revoked," ",COMMERZBANK AG
MHCBINBB,COBADEHH,Rejected," "," "," ",COMMERZBANK AG
MHCBINBB,COBAFRPX,Rejected," ",Revoked," ",COMMERZBANK AG
MHCBINBB,COLSDE33," "," ",Revoked," ",SPARKASSE KOELNBONN (FORMER STADTSPARKASSE KOELN)
MHCBINBB,COMMCNSH,Enabled," ",Enabled," ",BANK OF COMMUNICATIONS
MHCBINBB,CREDCLRM,Rejected/Pending Reject Confirmation," ",Revoked/Pending Revoke Confirmation," ",BANCO DE CREDITO E INVERSIONES
MHCBINBB,CRESCHZZ,Rejected," ",Revoked," ",CREDIT SUISSE (SCHWEIZ) AG
MHCBINBB,CRESDE55," "," ",Revoked," ",CREDIT SUISSE (DEUTSCHLAND) AG
MHCBINBB,CRFIIT2C,Revoked," ",Deleted," ",
MHCBINBB,CRFIIT2S,Revoked," ",Rejected," ",CREDIT AGRICOLE CARISPEZIA SPA
MHCBINBB,CRFIIT3F,Enabled," ",Enabled," ",
MHCBINBB,CRFIIT3P,Revoked," "," "," ",
MHCBINBB,CRFIITRR,Revoked," ",Rejected," ",
MHCBINBB,CRLYFRPP,Enabled," ",Enabled," ",LCL (LE CREDIT LYONNAIS)
MHCBINBB,CRPPIT2P,Enabled," ",Enabled," ",CREDIT AGRICOLE ITALIA S.P.A.
MHCBINBB,CRSMIT3S,Rejected," ",Revoked," ",
MHCBINBB,CRTUGE22," "," ",Rejected," ",JSC 'CARTU BANK'
MHCBINBB,CTCBTWTP,Rejected," ",Revoked," ","CTBC BANK CO., LTD"
MHCBINBB,CTCBVNVX,Rejected," ",Revoked," ","CTBC BANK CO., LTD HOCHI MINH CITY BRANCH"
MHCBINBB,CXBIPTPL,Revoked," ",Deleted," ","CAIXA BANCO DE INVESTIMENTO, S.A."
MHCBINBB,CXBKCN2N,Enabled," ",Enabled," ","NINGBO CIXI RURAL COMMERCIAL BANK CO., LTD. (FORMERLY NINGBO CIXI RURAL COOPERATIVE BANK)"
MHCBINBB,CZNBINDD,Enabled," ",Enabled," ",KOOKMIN BANK
MHCBINBB,CZNBKRSE,Enabled," ",Enabled," ",KOOKMIN BANK
MHCBINBB,DABADKKK,Rejected," ",Revoked," ",DANSKE BANK A/S
MHCBINBB,DABAFIHH,Rejected," ",Revoked," ","DANSKE BANK A/S, FINLAND BRANCH"
MHCBINBB,DASHETAA,Revoked," "," "," ",DASHEN BANK S.C.
MHCBINBB,DBSSAEAD,Enabled," ",Enabled,*,DBS BANK LTD
MHCBINBB,DBSSCNSH,Enabled," ",Enabled," ",DBS BANK (CHINA) LIMITED
MHCBINBB,DBSSSGSG,Enabled," ",Enabled," ",DBS BANK LTD.
MHCBINBB,DBSSTWTP,Enabled," ",Enabled," ",DBS BANK (TAIWAN) LTD
MHCBINBB,DENITRIS,Enabled," ",Enabled," ",DENIZBANK A.S.
MHCBINBB,DEUTDE2H,Rejected," ",Revoked," ",DEUTSCHE BANK AG
MHCBINBB,DEUTDE3B,Enabled," ",Enabled," ",DEUTSCHE BANK AG
MHCBINBB,DEUTDE5M,Enabled," ",Enabled," ",DEUTSCHE BANK AG
MHCBINBB,DEUTDE6F,Rejected," ",Revoked," ",DEUTSCHE BANK AG
MHCBINBB,DEUTDE8C,Rejected," ",Revoked," ",DEUTSCHE BANK AG
MHCBINBB,DEUTDE8E,Rejected," ",Revoked," ",DEUTSCHE BANK AG
MHCBINBB,DEUTDE8L,Enabled," ",Enabled," ",DEUTSCHE BANK AG
MHCBINBB,DEUTDEBB,Rejected," ",Revoked," ",DEUTSCHE BANK AG
MHCBINBB,DEUTDEBR,Rejected," ",Revoked," ",DEUTSCHE BANK AG
MHCBINBB,DEUTDEDB,Rejected," ",Revoked," ",DB PRIVAT-UND FIRMENKUNDENBANK AG (FORMERLY DEUTSCHE BANK PGK AG)
MHCBINBB,DEUTDEDD,Rejected," ",Revoked," ",DEUTSCHE BANK AG
MHCBINBB,DEUTDEDE,Rejected," ",Revoked,*,DEUTSCHE BANK AG
MHCBINBB,DEUTDEDK,Enabled," ",Enabled," ",DEUTSCHE BANK AG
MHCBINBB,DEUTDEDW,Rejected," ",Revoked," ",DEUTSCHE BANK AG
MHCBINBB,DEUTDEFF,Enabled," ",Enabled," ",DEUTSCHE BANK AG
MHCBINBB,DEUTDEHB,Rejected," ",Revoked," ",DEUTSCHE BANK AG
MHCBINBB,DEUTDEHH,Rejected," ",Revoked," ",DEUTSCHE BANK AG
MHCBINBB,DEUTDEMM,Enabled," ",Enabled," ",DEUTSCHE BANK AG
MHCBINBB,DEUTDESM,Rejected," ",Revoked," ",DEUTSCHE BANK AG
MHCBINBB,DEUTDESS,Rejected," ",Revoked," ",DEUTSCHE BANK AG
MHCBINBB,DEUTHKHH,Rejected," ",Revoked," ",DEUTSCHE BANK AG
MHCBINBB,DEUTJPJT," "," ",Revoked," ",DEUTSCHE BANK AG
MHCBINBB,DEUTNL2A,Rejected," ",Revoked," ",DEUTSCHE BANK AG
MHCBINBB,DEUTNZ2A,Rejected," "," "," ",
MHCBINBB,DEUTSGSG,Rejected," ",Revoked," ",DEUTSCHE BANK AG
MHCBINBB,DFCCLKLX,Enabled," "," "," ",DFCC BANK PLC
MHCBINBB,DGCBCN22,Enabled," ",Enabled," ","BANK OF DONGGUAN CO.,LTD"
MHCBINBB,DIWAJPJT,Enabled," ",Enabled," ","RESONA BANK, LTD., TOKYO"
MHCBINBB,DNBANOKK,Rejected," ",Revoked," ",DNB BANK ASA
MHCBINBB,DOHBQAQA,Rejected," ",Revoked," ",DOHA BANK
MHCBINBB,DRESDEFF,Rejected," ",Revoked," ",COMMERZBANK AG (FORMERLY DRESDNER BANK AG)
MHCBINBB,DRESSGSG," "," ",Deleted," ",
MHCBINBB,EBBKEGCX,Rejected," ",Revoked," ",HSBC BANK EGYPT S.A.E
MHCBINBB,EBILAEAD,Enabled," ",Enabled," ",EMIRATES NBD BANK PJSC
MHCBINBB,EFGBGRAA,Enabled," ",Enabled," ",
MHCBINBB,EIBCCNBJ,Enabled," ",Enabled," ","EXPORT-IMPORT BANK OF CHINA, THE"
MHCBINBB,EOBBMYKL,Enabled," ",Revoked," ",
MHCBINBB,ESSEDE5F,Rejected," ",Revoked," ",DSK HYP AG
MHCBINBB,ESSEDEFF,Enabled," ",Enabled," ",SEB AB (PUBL.) FRANKFURT BRANCH
MHCBINBB,ESSEHKHH,Enabled," ",Enabled," ",SKANDINAVISKA ENSKILDA BANKEN AB
MHCBINBB,ESSESESS,Enabled," ",Enabled," ",SKANDINAVISKA ENSKILDA BANKEN AB
MHCBINBB,ESSESGSG,Enabled," ",Enabled," ",SKANDINAVISKA ENSKILDA BANKEN AB (PUBL)
MHCBINBB,ETHNGB2L,Enabled," ",Enabled," ",NATIONAL BANK OF GREECE S.A.
MHCBINBB,ETHNGRAA,Enabled," ",Enabled," ",NATIONAL BANK OF GREECE S.A.
MHCBINBB,EXBSUAUX,Enabled," ",Enabled," ",JSC THE STATE EXPORT-IMPORT BANK OF UKRAINE
MHCBINBB,FCBKTWTP,Enabled," ",Enabled," ",FIRST COMMERCIAL BANK
MHCBINBB,FCBKUS66,Enabled," ",Enabled," ",FIRST COMMERCIAL BANK
MHCBINBB,FIMBMTM3,Enabled," ",Enabled,*,FIMBANK PLC
MHCBINBB,FINKLBBE,Revoked," "," "," ",FIRST NATIONAL BANK S.A.L.
MHCBINBB,FIRNTZTX,Enabled," ",Enabled," ",FIRST NATIONAL BANK OF TANZANIA
MHCBINBB,FIRNZAJJ,Enabled," ",Enabled/Pending Accept," ",FIRSTRAND BANK LIMITED
MHCBINBB,FKUIJPJT,Enabled," ",Enabled," ","FUKUI BANK, LTD., THE"
MHCBINBB,FTSBNL2R," "," ",Revoked," ",
MHCBINBB,GEBAAU2S,Enabled," ",Enabled," ",
MHCBINBB,GEBABEBB,Enabled," ",Enabled," ",BNP PARIBAS FORTIS (FORTIS BANK SA/NV)
MHCBINBB,GEBACN22,Enabled," ",Enabled," ",
MHCBINBB,GEBAHKHH,Enabled," ",Enabled," ",
MHCBINBB,GEBAJPJT,Revoked," ",Deleted," ",
MHCBINBB,GEBASGSG,Enabled," ",Enabled," ",
MHCBINBB,GEBATWTP,Enabled," ",Enabled," ",
MHCBINBB,GHCBGHAC,Revoked," "," "," ",GCB BANK LIMITED
MHCBINBB,GIBACZPX,Enabled," ",Enabled," ",CESKA SPORITELNA A.S.
MHCBINBB,GTBINGLA,Revoked," "," "," ",GUARANTY TRUST BANK PLC
MHCBINBB,GUMAJPJT,Enabled," "," "," ","GUNMA BANK, LTD., THE"
MHCBINBB,HAABAT22,Revoked," ",Deleted," ",HETA ASSET RESOLUTION AG
MHCBINBB,HAABAT2K,Revoked," ",Deleted," ",AUSTRIAN ANADI BANK A.G.
MHCBINBB,HABKJPJT,Enabled," ",Enabled," ","HACHIJUNI BANK, LTD., THE"
MHCBINBB,HAGAIDJA,Revoked," ",Deleted," ",
MHCBINBB,HAMAJPJT,Enabled," ",Enabled," ","BANK OF YOKOHAMA, LTD., THE"
MHCBINBB,HANYUS33," "," ",Enabled," ",HABIB AMERICAN BANK
MHCBINBB,HBLILKLX,Enabled," ",Enabled," ",HATTON NATIONAL BANK PLC
MHCBINBB,HBMBMYKL,Rejected," ",Revoked,*,HSBC BANK MALAYSIA BERHAD
MHCBINBB,HBPEPEPL,Revoked," ",Deleted," ",BANCO GNB PERU SA
MHCBINBB,HBUKGB4B,Enabled," ",Enabled,*,HSBC UK BANK PLC
MHCBINBB,HBZUAEAD,Enabled," ",Enabled," ",HABIB BANK AG ZURICH
MHCBINBB,HBZUCHZZ,Enabled," ",Enabled," ",HABIB BANK AG ZURICH
MHCBINBB,HCCBCNBH,Revoked," ",Deleted," ","HARBIN BANK CO.,LTD"
MHCBINBB,HDFCINBB,Enabled," "," "," ",HDFC BANK LIMITED
MHCBINBB,HEBACY2N,Enabled," ",Enabled," ",HELLENIC BANK PUBLIC COMPANY LTD.
MHCBINBB,HEISDE66,Revoked," ",Deleted," ",KREISSPARKASSE HEILBRONN
MHCBINBB,HFCBCNSH,Enabled," ",Enabled," ",HUISHANG BANK CORPORATION LTD
MHCBINBB,HIGOJPJT,Enabled," ",Enabled," ",THE HIGO BANK LIMITED
MHCBINBB,HNBKTWTP,Enabled," ",Enabled," ","HUA NAN COMMERCIAL BANK, LTD."
MHCBINBB,HNBNKRSE,Enabled," ",Enabled," ",
MHCBINBB,HSBCBDDH,Enabled," "," "," ",THE HONGKONG AND SHANGHAI BANKING CORPORATION LIMITED
MHCBINBB,HSBCCNSH,Rejected," "," "," ",HSBC BANK (CHINA) COMPANY LIMITED
MHCBINBB,HSBCHKHH,Enabled," ",Enabled,*,"HONGKONG AND SHANGHAI BANKING CORPORATION LIMITED, THE"
MHCBINBB,HSBCINBB,Enabled," "," "," ",THE HONGKONG AND SHANGHAI BANKING CORPORATION LIMITED
MHCBINBB,HSBCJPJT,Rejected," ",Revoked," ","HONGKONG AND SHANGHAI BANKING CORPORATION LIMITED,THE"
MHCBINBB,HSBCKRSE,Rejected," ",Revoked," ","THE HONGKONG AND SHANGHAI BANKING CORPORATION LIMITED, SEOUL BRANCH"
MHCBINBB,HSBCLKLX,Rejected," ",Revoked," ","HONGKONG AND SHANGHAI BANKING CORPORATION LIMITED, THE"
MHCBINBB,HSBCMOMX,Rejected," ",Revoked," ",THE HONGKONG AND SHANGHAI BANKING CORPORATION LIMITED
MHCBINBB,HSBCNL2A,Enabled," ",Enabled,*,"HSBC FRANCE, AMSTERDAM BRANCH"
MHCBINBB,HSBCSGSG,Enabled," ",Enabled,*,THE HONGKONG AND SHANGHAI BANKING CORPORATION LIMITED
MHCBINBB,HSBCTW2P," "," ",Revoked," ",THE HONGKONG AND SHANGHAI BANKING CORPORATION LTD.
MHCBINBB,HSBCTWTP,Rejected," ",Revoked," ",HSBC BANK (TAIWAN) LIMITED
MHCBINBB,HSBCZAJJ,Rejected," ",Revoked," ",HSBC BANK PLC
MHCBINBB,HSHNSGSG,Enabled," ",Enabled," ",HAMBURG COMMERCIAL BANK AG
MHCBINBB,HTBKTWTP,Enabled," ",Enabled," ",HWATAI BANK
MHCBINBB,HVBKBDDH," "," ",Revoked," ","WOORI BANK, DHAKA"
MHCBINBB,HVBKBHBM," "," ",Revoked," ","WOORI BANK, MANAMA"
MHCBINBB,HVBKCNBJ," "," ",Revoked," ",WOORI BANK (CHINA) LIMITED
MHCBINBB,HVBKGB2L," "," ",Revoked," ","WOORI BANK, LONDON"
MHCBINBB,HVBKIDJA," "," ",Revoked," ",PT.BANK WOORI SAUDARA INDONESIA 1906 TBK
MHCBINBB,HVBKJPJT," "," ",Revoked," ","WOORI BANK, TOKYO"
MHCBINBB,HVBKKRSE,Enabled," ",Enabled," ","WOORI BANK, SEOUL"
MHCBINBB,HXBKCNBJ,Enabled," ",Enabled," ",HUA XIA BANK
MHCBINBB,HYVEDEMM,Enabled," ",Enabled," ",UNICREDIT BANK AG (HYPOVEREINSBANK)
MHCBINBB,HZCBCN2H,Enabled," ",Enabled," ","BANK OF HANGZHOU CO., LTD (FORMERLY HANGZHOU CITY COMMERCIAL BANK CO., LTD)"
MHCBINBB,IBBLBDDH,Enabled," ",Enabled," ",ISLAMI BANK BANGLADESH LTD
MHCBINBB,IBKLINBB,Enabled," ",Enabled," ",IDBI BANK LIMITED
MHCBINBB,IBKOCNBY,Revoked," ",Deleted," ",
MHCBINBB,IBKOKRSE,Enabled," ",Enabled," ",INDUSTRIAL BANK OF KOREA
MHCBINBB,IBKOUS33,Enabled," ",Enabled," ","INDUSTRIAL BANK OF KOREA, NEW YORK BRANCH"
MHCBINBB,IBOTTWTP,Enabled," ",Enabled," ","O-BANK CO., LTD."
MHCBINBB,IBSPIT2P,Rejected," "," "," ",
MHCBINBB,IBSPIT2U,Enabled," ",Enabled," ",
MHCBINBB,IBSPITNA,Enabled," ",Enabled," ",
MHCBINBB,IBXHCNBA,Enabled," "," "," ","XIAMEN INTERNATIONAL BANK CO., LTD."
MHCBINBB,ICBCHKHH,Rejected," ",Revoked," ","MEGA INTERNATIONAL COMMERCIAL BANK CO., LTD., HONGKONG BRANCH"
MHCBINBB,ICBCTHBK,Enabled," ",Enabled," ",MEGA INTERNATIONAL COMMERCIAL BANK PUBLIC COMPANY LIMITED
MHCBINBB,ICBCTWTP,Enabled," ",Enabled," ","MEGA INTERNATIONAL COMMERCIAL BANK CO., LTD."
MHCBINBB,ICBCVNVX,Enabled," ",Enabled," ","MEGA INTERNATIONAL COMMERCIAL BANK CO., LTD."
MHCBINBB,ICBKCNBJ,Enabled," ",Enabled," ",INDUSTRIAL AND COMMERCIAL BANK OF CHINA
MHCBINBB,ICBKHKHH,Rejected," ",Revoked," ","INDUSTRIAL AND COMMERCIAL BANK OF CHINA, HONG KONG BRANCH"
MHCBINBB,ICBKSGSG,Rejected," ",Revoked," ",INDUSTRIAL AND COMMERCIAL BANK OF CHINA
MHCBINBB,ICBVVNVX,Enabled," ",Enabled," ",VIETNAM JOINT STOCK COMMERCIAL BANK FOR INDUSTRY AND TRADE
MHCBINBB,ICICBHBM,Enabled," ",Enabled," ",ICICI BANK LTD
MHCBINBB,ICICCNSH,Enabled," ",Enabled," ",ICICI BANK LIMITED
MHCBINBB,ICICHKHH,Enabled," ",Enabled," ",ICICI BANK LTD
MHCBINBB,ICICINBB,Enabled," ",Enabled," ",ICICI BANK LIMITED
MHCBINBB,ICICRUMM,Revoked," "," "," ",
MHCBINBB,ICRAITMM,Enabled," ",Enabled," ",
MHCBINBB,ICRAITRR,Enabled," ",Enabled," ",ICCREA BANCA - ISTITUTO CENTRALE DEL CREDITO COOPERATIVO
MHCBINBB,IDIBSGSG,Enabled," ",Enabled," ",INDIAN BANK
MHCBINBB,IMCOIT2A,Enabled," ",Enabled," ",BANCA DI IMOLA S.P.A.
MHCBINBB,INGBNL2A,Enabled," ",Enabled," ",ING BANK N.V.
MHCBINBB,IRVTCNSH," "," ",Revoked," ","THE BANK OF NEW YORK MELLON, SHANGHAI BRANCH"
MHCBINBB,IRVTUS3N,Enabled," ",Enabled," ",THE BANK OF NEW YORK MELLON
MHCBINBB,ISBKDEFX," "," ",Revoked," ",ISBANK AG
MHCBINBB,IXABCNBX,Enabled," ",Enabled," ",BANK OF XI'AN (FORMERLY XI'AN CITY COMMERCIAL BANK)
MHCBINBB,JAMBLYLT,Revoked," "," "," ",JUMHOURIA BANK
MHCBINBB,JKBAJOAM,Rejected," "," "," ",JORDAN KUWAIT BANK
MHCBINBB,JNSHCNBN,Revoked," "," "," ","QILU BANK CO., LTD."
MHCBINBB,JYCBCNSH,Enabled," ",Enabled," ",JIANGSU JIANGYIN RURAL COMMERCIAL BANK
MHCBINBB,JZCBCNBJ,Enabled," ",Enabled," ","BANK OF JINZHOU CO.,LTD."
MHCBINBB,KARBINBB,Enabled," ",Revoked," ",KARNATAKA BANK LTD.
MHCBINBB,KARSDE66,Revoked," ",Deleted," ",SPARKASSE KARLSRUHE
MHCBINBB,KASITHBK,Enabled," ",Enabled," ",KASIKORNBANK PUBLIC COMPANY LIMITED
MHCBINBB,KBZGCH22,Revoked," ",Deleted," ",ZUGER KANTONALBANK
MHCBINBB,KCBLKENX,Enabled," ",Enabled," ",KCB BANK KENYA LIMITED
MHCBINBB,KFHOKWKW,Enabled," "," "," ",KUWAIT FINANCE HOUSE (K.S.C.)
MHCBINBB,KHRCUAUK,Revoked," ",Deleted," ",
MHCBINBB,KHYBPKKA,Enabled," ",Enabled," ","BANK OF KHYBER, THE"
MHCBINBB,KODBKRSE,Enabled," "," "," ","KOREA DEVELOPMENT BANK, THE"
MHCBINBB,KOEXKRSE,Enabled," ",Enabled," ",KEB HANA BANK
MHCBINBB,KOEXVNVX,Enabled," ",Enabled," ","KEB HANA BANK, HANOI BRANCH"
MHCBINBB,KOMBCZPP,Rejected," "," "," ",KOMERCNI BANKA A.S.
MHCBINBB,KREDBE22," "," ",Revoked," ",
MHCBINBB,KREDBE85," "," ",Revoked," ",
MHCBINBB,KREDBEBB," "," ",Revoked," ",KBC BANK NV
MHCBINBB,KRSADE55,Revoked," ",Revoked," ",KREISSPARKASSE SAARLOUIS
MHCBINBB,KRTHTHBK,Enabled," ",Enabled," ",KRUNG THAI BANK PUBLIC COMPANY LIMITED
MHCBINBB,KWHKHKHH,Enabled," ",Enabled," ",CHINA CITIC BANK INTERNATIONAL LIMITED
MHCBINBB,LAFBLYLT,Revoked," ",Deleted," ",LIBYAN FOREIGN BANK
MHCBINBB,LBOTTWTP,Enabled," ",Enabled," ",LAND BANK OF TAIWAN
MHCBINBB,LCHBHKHH,Rejected," ",Revoked," ",CHONG HING BANK LIMITED
MHCBINBB,LIKICY2N," "," ",Revoked," ",
MHCBINBB,LOYDGB2L,Rejected," ",Revoked," ",LLOYDS BANK PLC
MHCBINBB,LUMIILIT,Enabled," ",Enabled," ",BANK LEUMI LE ISRAEL B.M.
MHCBINBB,LWCBCNBJ,Revoked," ",Revoked," ","LAISHANG BANK CO., LTD (FORMERLY LAIWU CITY COMMERCIAL BANK CO., LTD)"
MHCBINBB,MALBMVMV,Enabled," ",Enabled," ",BANK OF MALDIVES PLC.
MHCBINBB,MBBECNBK," "," ",Revoked," ",MALAYAN BANKING BERHAD KUNMING BRANCH
MHCBINBB,MBBECNBS," "," ",Revoked," ",MALAYAN BANKING BERHAD SHENZHEN BRANCH
MHCBINBB,MBBECNSH,Rejected," ",Revoked," ",MAYBANK SHANGHAI
MHCBINBB,MBBEGB2L,Enabled," ",Enabled," ",MALAYAN BANKING BERHAD
MHCBINBB,MBBEIDJA,Enabled," ",Revoked," ",
MHCBINBB,MBBEMY2L," "," ",Revoked," ",MAYBANK INTERNATIONAL LABUAN BRANCH
MHCBINBB,MBBEMYKA,Rejected," ",Revoked," ",MAYBANK INTERNATIONAL (L) LTD.
MHCBINBB,MBBEMYKL,Enabled," ",Enabled," ",MALAYAN BANKING BERHAD (MAYBANK)
MHCBINBB,MBBEPGPM,Enabled," ",Enabled," ",
MHCBINBB,MBBEUS33,Rejected," ",Revoked," ",MALAYAN BANKING BERHAD
MHCBINBB,MBBTTWTP," "," ",Revoked," ",TAIWAN BUSINESS BANK
MHCBINBB,MBLBBDDH,Enabled," ",Enabled," ",MERCANTILE BANK LIMITED
MHCBINBB,MCBLMUMU,Enabled," ",Enabled," ",THE MAURITIUS COMMERCIAL BANK LIMITED
MHCBINBB,MEGAIDJA,Enabled," ",Enabled," ",BANK MEGA PT
MHCBINBB,MELIAEAD,Revoked," ",Rejected," ",
MHCBINBB,MGTCZAJJ," "," ",Revoked,*,"JPMORGAN CHASE BANK, N.A"
MHCBINBB,MHBBVNVX,Enabled," ",Enabled," ",
MHCBINBB,MHBKJPJS,Revoked," ",Deleted," ",
MHCBINBB,MHBKJPJT,Enabled," ",Enabled," ",
MHCBINBB,MHCBAU2S,Enabled," ",Enabled," ","MIZUHO BANK, LTD., SYDNEY BRANCH"
MHCBINBB,MHCBBEBB,Rejected," ",Revoked," ","MIZUHO BANK EUROPE N.V., BRUSSELS BRANCH"
MHCBINBB,MHCBBRSP,Enabled," ",Enabled," ",BANCO MIZUHO DO BRASIL S.A.
MHCBINBB,MHCBCATT,Enabled," ",Enabled," ","MIZUHO BANK, LTD., CANADA BRANCH"
MHCBINBB,MHCBCNBS,Enabled," ",Enabled," ","MIZUHO BANK (CHINA),LTD., SHENZHEN BRANCH"
MHCBINBB,MHCBCNSH,Enabled," ",Enabled," ","MIZUHO BANK (CHINA),LTD."
MHCBINBB,MHCBDEDD,Enabled," ",Enabled," ","MIZUHO BANK, LTD. DUESSELDORF BRANCH"
MHCBINBB,MHCBFRPP,Enabled," ",Enabled," ","MIZUHO BANK, LTD. PARIS BRANCH"
MHCBINBB,MHCBGB2L,Enabled," ",Enabled," ","MIZUHO BANK, LTD. LONDON BRANCH"
MHCBINBB,MHCBHKHH,Enabled," ",Enabled," ","MIZUHO BANK LTD., HONG KONG BRANCH"
MHCBINBB,MHCBINBB,Enabled," ",Enabled," ","MIZUHO BANK LTD., MUMBAI BRANCH"
MHCBINBB,MHCBITMM,Enabled," ",Enabled," ","MIZUHO BANK, LTD. MILAN BRANCH"
MHCBINBB,MHCBJPJT,Enabled," ",Enabled," ","MIZUHO BANK, LTD."
MHCBINBB,MHCBKRSE,Enabled," ",Enabled," ","MIZUHO BANK, LTD., SEOUL BRANCH"
MHCBINBB,MHCBMMMY,Enabled," ",Enabled," ","MIZUHO BANK, LTD (YANGON BRANCH)"
MHCBINBB,MHCBMYKA,Enabled," ",Enabled," ",MIZUHO BANK (MALAYSIA) BERHAD
MHCBINBB,MHCBNL2A,Enabled," ",Enabled," ",MIZUHO BANK EUROPE N.V.
MHCBINBB,MHCBPHMM,Enabled," ",Enabled," ","MIZUHO BANK, LTD., MANILA BRANCH"
MHCBINBB,MHCBSGSG,Enabled," ",Enabled," ","MIZUHO BANK LTD., SINGAPORE BRANCH"
MHCBINBB,MHCBTHBK,Enabled," ",Enabled," ","MIZUHO BANK, LTD., BANGKOK BRANCH"
MHCBINBB,MHCBTWTP,Enabled," ",Enabled," ","MIZUHO BANK, LTD.,TAIPEI BRANCH"
MHCBINBB,MHCBUS33,Enabled," ",Enabled," ","MIZUHO BANK, LTD. NEW YORK BRANCH"
MHCBINBB,MHCBUS6L,Enabled," ",Enabled," ",
MHCBINBB,MHCBVNVX,Enabled," ",Enabled," ","MIZUHO BANK LTD., HANOI BRANCH"
MHCBINBB,MHCCIDJA,Enabled," ",Enabled," ","BANK MIZUHO INDONESIA, PT."
MHCBINBB,MHCCRUMM,Enabled," ",Enabled," ",AO MIZUHO BANK (MOSCOW)
MHCBINBB,MHCCUS33,Enabled," ",Enabled," ",MIZUHO BANK (USA)
MHCBINBB,MHSCHKHH,Enabled," "," "," ",MIZUHO SECURITIES ASIA LIMITED
MHCBINBB,MHSCUS33,Enabled," "," "," ",MIZUHO SECURITIES USA LLC.
MHCBINBB,MHTBLULL,Enabled," ",Enabled," ",MIZUHO TRUST AND BANKING (LUXEMBOURG) S.A.
MHCBINBB,MIDLGB22,Rejected," ",Revoked," ",HSBC BANK PLC
MHCBINBB,MRMDUS33,Enabled," ",Enabled," ","HSBC BANK USA, N.A."
MHCBINBB,MSCBVNVX,Enabled," ",Enabled," ",MILITARY COMMERCIAL JOINT STOCK BANK
MHCBINBB,MTBCSGSG,Rejected," ",Revoked," ",MITSUBISHI UFJ TRUST AND BANKING CORPORATION
MHCBINBB,NACFKRSE,Enabled," "," "," ",NONGHYUP BANK (FORMERLY KNOWN AS NATIONAL AGRICULTURAL COOPERATIVE FEDERATION)
MHCBINBB,NACFUS33,Enabled," ",Enabled," ","NONGHYUP BANK, NEW YORK BRANCH"
MHCBINBB,NAMAVNVX,Revoked," ",Deleted," ",NAM A COMMERCIAL JOINT STOCK BANK
MHCBINBB,NARBNPKA,Enabled," ",Enabled," ",NABIL BANK LIMITED
MHCBINBB,NATAAU33,Enabled," ",Enabled," ",NATIONAL AUSTRALIA BANK LIMITED
MHCBINBB,NATXFRPP,Rejected," "," "," ",NATIXIS
MHCBINBB,NBADAEAA,Enabled," ",Enabled," ",FIRST ABU DHABI BANK PJSC
MHCBINBB,NBDUAEAD," "," ",Enabled," ",
MHCBINBB,NBEGEGCX,Enabled," ",Revoked/Pending Revoke Confirmation," ",NATIONAL BANK OF EGYPT
MHCBINBB,NBETETAA,Revoked," "," "," ",NATIONAL BANK OF ETHIOPIA
MHCBINBB,NBFUAEAF,Enabled," ",Enabled," ",NATIONAL BANK OF FUJAIRAH
MHCBINBB,NBOMOMRX,Revoked," "," "," ",NATIONAL BANK OF OMAN
MHCBINBB,NCBKSAJE,Revoked," "," "," ","NATIONAL COMMERCIAL BANK, THE"
MHCBINBB,NDBSLKLX,Enabled," ",Enabled," ",NATIONAL DEVELOPMENT BANK PLC.
MHCBINBB,NDEADKKK,Enabled," ",Enabled," ","NORDEA DANMARK, FILIAL AF NORDEA BANK ABP, FINLAND"
MHCBINBB,NDEAFIHH,Enabled," ",Enabled," ",NORDEA BANK ABP
MHCBINBB,NDEANOKK,Enabled," ",Enabled," ","NORDEA BANK ABP, FILIAL I NORGE"
MHCBINBB,NEBLNPKA,Enabled," ",Enabled," ",NEPAL BANK LIMITED
MHCBINBB,NGCBCNSH," "," ",Deleted," ",
MHCBINBB,NIBIETAA,Revoked," "," "," ",NIB INTERNATIONAL BANK S.C.
MHCBINBB,NJCBCNBN,Enabled," ",Enabled," ",BANK OF NANJING (FORMERLY NANJING CITY COMMERCIAL BANK)
MHCBINBB,NLCBTZTX,Revoked," "," "," ","NATIONAL BANK OF COMMERCE, THE"
MHCBINBB,NMTBJPJT,Enabled," ",Enabled," ","THE NOMURA TRUST AND BANKING CO., LTD."
MHCBINBB,NORDFRPP,Rejected," ",Revoked," ",CREDIT DU NORD
MHCBINBB,NORPJPJP,Rejected," ",Revoked," ","NORTH PACIFIC BANK, LTD."
MHCBINBB,NOSCHKHH,Rejected," ",Revoked," ","BANK OF NOVA SCOTIA, THE"
MHCBINBB,NRBBBDDH," "," ",Revoked," ",NRB COMMERCIAL BANK LIMITED
MHCBINBB,NTBCLKLX,Enabled," ",Enabled," ",NATIONS TRUST BANK PLC
MHCBINBB,NWBKGB2L,Rejected," ",Revoked," ",NATIONAL WESTMINSTER BANK PLC
MHCBINBB,OCBCCNSH,Rejected," ",Revoked," ",OCBC WING HANG BANK (CHINA) LIMITED (FORMERLY OCBC BANK (CHINA) LIMITED)
MHCBINBB,OCBCHKHH,Rejected," ",Revoked," ","OVERSEA-CHINESE BANKING CORPORATION LIMITED, HONG KONG BRANCH"
MHCBINBB,OCBCSGSG,Rejected/Pending Reject Confirmation," "," "," ",OVERSEA-CHINESE BANKING CORPORATION LIMITED
MHCBINBB,OCBKUS3M,Revoked," "," "," ",OCEAN BANK
MHCBINBB,OGAKJPJT,Enabled," ",Enabled," ","OGAKI KYORITSU BANK,LTD.,THE"
MHCBINBB,OJISJPJT,Rejected," ",Revoked," ","JOHOKU SHINKIN BANK, THE"
MHCBINBB,OKHBHUHB,Enabled," ",Enabled," ",K AND H BANK ZRT.(FORMERLY KERESKEDELMI ES HITELBANK RT)
MHCBINBB,OLBODEH2,Enabled," ",Enabled," ",OLDENBURGISCHE LANDESBANK AG
MHCBINBB,OMABOMRU,Rejected," "," "," ",OMAN ARAB BANK SAOC
MHCBINBB,ORCOVNVX,Enabled," "," "," ",ORIENT COMMERCIAL JOINT STOCK BANK
MHCBINBB,ORINUGKA,Revoked," ",Deleted," ",ORIENT BANK LIMITED
MHCBINBB,OSACJPJS,Enabled," ",Enabled," ","OSAKA CITY SHINKIN BANK, THE"
MHCBINBB,PABKTWTP,Enabled," ",Enabled," ",
MHCBINBB,PABSLKLX,Enabled," ",Enabled," ",PAN ASIA BANKING CORPORATION PLC
MHCBINBB,PCBCCNBJ,Enabled," ",Enabled," ",CHINA CONSTRUCTION BANK CORPORATION
MHCBINBB,PDJBIDJA,Enabled," "," "," ","PT. BANK PEMBANGUNAN DAERAH JAWA BARAT DAN BANTEN, TBK"
MHCBINBB,PKOPPLPW,Rejected," ",Revoked," ",BANK POLSKA KASA OPIEKI SA - BANK PEKAO SA
MHCBINBB,PNBKVNVX,Enabled," ",Enabled," ",
MHCBINBB,PNBMJPJT,Enabled," ",Enabled," ",PHILIPPINE NATIONAL BANK TOKYO BRANCH
MHCBINBB,PNBPCNSH,Enabled," ",Enabled," ","WELLS FARGO BANK, NA, SHANGHAI BRANCH"
MHCBINBB,PNBPHKHH,Rejected," ",Revoked," ","WELLS FARGO BANK, N.A., HONG KONG BRANCH"
MHCBINBB,PNBPJPJX,Enabled," ",Enabled," ","WELLS FARGO BANK, N.A., TOKYO BRANCH"
MHCBINBB,PNBPKRSX,Rejected," ",Revoked," ","WELLS FARGO BANK, N.A., SEOUL BRANCH"
MHCBINBB,PNBPSGSG,Enabled," ",Enabled,*,"WELLS FARGO BANK, NA"
MHCBINBB,PNBPTWTP,Rejected," ",Revoked," ","WELLS FARGO BANK, N.A., TAIPEI BRANCH"
MHCBINBB,PNBPUS33,Enabled," ",Enabled," ","WELLS FARGO BANK, N.A."
MHCBINBB,PNBPUS3N,Enabled," ",Enabled," ","WELLS FARGO BANK, N.A."
MHCBINBB,PNCCUS33,Enabled," ",Enabled,*,"PNC BANK, N.A."
MHCBINBB,POMAIT2V,Enabled," ",Enabled," ",
MHCBINBB,PRMSRUMM,Revoked," ",Deleted," ",PROMSVYAZBANK PJSC
MHCBINBB,PRNKGRAA,Enabled," ",Enabled," ",
MHCBINBB,PSBKLKLX,Enabled," ",Enabled," ","PEOPLE'S BANK,HEAD OFFICE"
MHCBINBB,PZHSDE66,Enabled," ",Enabled," ",SPARKASSE PFORZHEIM CALW
MHCBINBB,QCCBCNBQ,Enabled," ",Enabled," ",BANK OF QINGDAO
MHCBINBB,QNBAOMRX,Enabled," ",Enabled," ",QATAR NATIONAL BANK
MHCBINBB,QNBAQAQA,Enabled," "," "," ",QATAR NATIONAL BANK
MHCBINBB,RABONL2U,Rejected," "," "," ",RABOBANK
MHCBINBB,RBBANPKA,Revoked," ",Deleted," ",RASTRIYA BANIJYA BANK
MHCBINBB,RBOSNL2A,Rejected," ",Revoked," ",
MHCBINBB,RBOSUS33,Rejected," ",Revoked," ",
MHCBINBB,RBTTTTPX,Revoked," "," "," ",RBC ROYAL BANK (TRINIDAD AND TOBAGO) LIMITED (FORMERLY RBTT BANK LIMITED)
MHCBINBB,RCBWPLPW,Rejected," ",Revoked," ",BNP PARIBAS BANK POLSKA S.A.
MHCBINBB,RCBZCNSH,Revoked," ",Deleted," ",RURAL COMMERCIAL BANK OF ZHANGJIAGANG
MHCBINBB,RCNHCN22,Revoked," ",Deleted," ",GUANGDONG NANHAI RURAL COMMERCIAL BANK COMPANY LIMITED
MHCBINBB,RENOCH22,Enabled," ",Enabled," ",RENAULT FINANCE S.A.
MHCBINBB,REUCDEMM,Revoked," ",Revoked," ",
MHCBINBB,RIBLSARI,Enabled," "," "," ",RIYAD BANK
MHCBINBB,RIKBJPJT,Enabled," ",Enabled," ","HOKURIKU BANK, LTD.,THE"
MHCBINBB,RLNWATWW,Enabled," ",Enabled," ",RAIFFEISENLANDESBANK NIEDEROESTERREICH-WIEN AG
MHCBINBB,ROYCCAT2,Rejected," "," "," ",ROYAL BANK OF CANADA
MHCBINBB,RZBAATWW,Rejected," "," "," ",RAIFFEISEN BANK INTERNATIONAL AG
MHCBINBB,RZBHHR2X,Rejected," ",Revoked," ",RAIFFEISENBANK AUSTRIA D.D. ZAGREB
MHCBINBB,RZBMRUMM,Enabled," ",Enabled," ",AO RAIFFEISENBANK
MHCBINBB,RZCBCNBD,Enabled," ",Enabled," ",BANK OF RIZHAO
MHCBINBB,RZOOAT2L,Rejected," ",Revoked," ",RAIFFEISENLANDESBANK OBEROESTERREICH AKTIENGESELLSCHAFT
MHCBINBB,RZOODE77," "," ",Revoked," ",RAIFFEISENLANDESBANK OBEROESTERREICH AKTIENGESELLSCHAFT ZWEIGNIEDERLASSUNG SUEDDEUTSCHLAND
MHCBINBB,SABBSARI,Enabled," ",Enabled," ","SAUDI BRITISH BANK, THE"
MHCBINBB,SABCIRTH,Revoked," ",Rejected," ",SAMAN BANK CORPORATION
MHCBINBB,SABKLYLX,Revoked," "," "," ",SAHARA BANK
MHCBINBB,SACLVNVX,Enabled," ",Enabled,*,SAIGON COMMERCIAL BANK
MHCBINBB,SAMBSARI,Enabled," ",Enabled," ",SAMBA FINANCIAL GROUP
MHCBINBB,SBAACY2I,Revoked," ",Deleted," ",BANQUE SBA - INTERNATIONAL BANKING UNIT
MHCBINBB,SBCRDE66,Revoked," ",Deleted," ",KREISSPARKASSE BIBERACH
MHCBINBB,SBICGHAC,Revoked," ",Deleted," ",STANBIC BANK GHANA LIMITED
MHCBINBB,SBICMWMX,Revoked," ",Deleted," ",STANDARD BANK LIMITED-MALAWI
MHCBINBB,SBINCNSH,Enabled," "," "," ",STATE BANK OF INDIA
MHCBINBB,SBINFRPP,Revoked," "," "," ",
MHCBINBB,SBININBB,Enabled," "," "," ",STATE BANK OF INDIA
MHCBINBB,SBINJPJT,Enabled," ",Enabled," ",STATE BANK OF INDIA
MHCBINBB,SBTRINBB,Rejected," ",Revoked," ",
MHCBINBB,SBZAZAJJ,Enabled," ",Enabled," ","STANDARD BANK OF SOUTH AFRICA LIMITED,THE"
MHCBINBB,SCBLAEAD,Enabled," ",Enabled," ",STANDARD CHARTERED BANK
MHCBINBB,SCBLBDDX,Enabled," ",Enabled," ",STANDARD CHARTERED BANK
MHCBINBB,SCBLCNSX,Rejected," "," "," ",STANDARD CHARTERED BANK (CHINA) LIMITED
MHCBINBB,SCBLDEFX," "," ",Pending Accept," ",STANDARD CHARTERED BANK AG
MHCBINBB,SCBLGB2L," "," ",Revoked," ",STANDARD CHARTERED BANK
MHCBINBB,SCBLGHAC,Rejected," "," "," ",STANDARD CHARTERED BANK GHANA LIMITED
MHCBINBB,SCBLHKHH,Enabled," ",Enabled," ",STANDARD CHARTERED BANK (HONG KONG) LIMITED
MHCBINBB,SCBLINBB,Enabled," ",Enabled," ",STANDARD CHARTERED BANK
MHCBINBB,SCBLLKLX," "," ",Enabled," ",STANDARD CHARTERED BANK
MHCBINBB,SCBLMYKX,Enabled," ",Enabled," ",STANDARD CHARTERED BANK MALAYSIA BERHAD
MHCBINBB,SCBLNPKA,Enabled," ",Enabled," ",STANDARD CHARTERED BANK NEPAL LIMITED
MHCBINBB,SCBLQAQX,Enabled," ",Enabled," ",STANDARD CHARTERED BANK
MHCBINBB,SCBLSG22,Enabled," ",Enabled," ",STANDARD CHARTERED BANK (SINGAPORE) LIMITED
MHCBINBB,SCBLSGSG,Enabled," ",Enabled," ",STANDARD CHARTERED BANK
MHCBINBB,SCBLTZTX,Rejected," "," "," ",STANDARD CHARTERED BANK TANZANIA LTD
MHCBINBB,SCBLUS33,Enabled," ",Enabled," ",STANDARD CHARTERED BANK
MHCBINBB,SDUEDE33,Rejected," "," "," ",SPARKASSE DUEREN
MHCBINBB,SEBDBDDH,Enabled," ",Enabled," ",SOUTHEAST BANK LIMITED
MHCBINBB,SEKETR2A,Revoked," ",Deleted," ",SEKERBANK T.A.S.
MHCBINBB,SEPBIRTH,Revoked," "," "," ",
MHCBINBB,SGCLCNBJ,Enabled," "," "," ",SOCIETE GENERALE (CHINA) LIMITED
MHCBINBB,SGMBMAMC,Enabled," "," "," ",SOCIETE GENERALE MAROCAINE DE BANQUES
MHCBINBB,SHBKKRSE,Enabled," ",Enabled," ",SHINHAN BANK
MHCBINBB,SHIZJPJT,Enabled," ",Enabled," ","SHIZUOKA BANK, LTD., THE"
MHCBINBB,SHRCCNSH,Enabled," ",Enabled," ","SHANGHAI RURAL COMMERCIAL BANK CO., LTD"
MHCBINBB,SICOTHBK,Enabled," ",Enabled," ","SIAM COMMERCIAL BANK PCL., THE"
MHCBINBB,SIGAJPJT,Enabled," "," "," ","SHIGA BANK, LTD., THE"
MHCBINBB,SIKOJPJT,Enabled," ",Enabled," ","SHIKOKU BANK,LTD.,THE"
MHCBINBB,SMBCAU2S,Enabled," ",Enabled," ",SUMITOMO MITSUI BANKING CORPORATION SYDNEY BRANCH
MHCBINBB,SMBCCN22,Enabled," ",Enabled," ",SUMITOMO MITSUI BANKING CORPORATION (CHINA) LIMITED GUANGZHOU BRANCH
MHCBINBB,SMBCCNSH,Enabled," ",Enabled," ",SUMITOMO MITSUI BANKING CORPORATION (CHINA) LIMITED
MHCBINBB,SMBCCNSU,Enabled," "," "," ",SUMITOMO MITSUI BANKING CORPORATION (CHINA) LIMITED SUZHOU BRANCH
MHCBINBB,SMBCGB2L,Rejected," "," "," ",SUMITOMO MITSUI BANKING CORPORATION EUROPE LIMITED
MHCBINBB,SMBCHKHH,Enabled," ",Enabled," ",SUMITOMO MITSUI BANKING CORPORATION
MHCBINBB,SMBCINDD,Enabled," ",Enabled," ",SUMITOMO MITSUI BANKING CORPORATION NEW DELHI BRANCH
MHCBINBB,SMBCJPJT,Enabled," ",Enabled," ",SUMITOMO MITSUI BANKING CORPORATION
MHCBINBB,SMBCMYKL,Enabled," ",Enabled," ",SUMITOMO MITSUI BANKING CORPORATION MALAYSIA BERHAD
MHCBINBB,SMBCSGSG,Enabled," ",Enabled," ",SUMITOMO MITSUI BANKING CORPORATION
MHCBINBB,SMBCTHBK,Enabled," ",Enabled," ",SUMITOMO MITSUI BANKING CORPORATION
MHCBINBB,SMBCTWTP,Enabled," ",Enabled," ",SUMITOMO MITSUI BANKING CORPORATION TAIPEI BRANCH
MHCBINBB,SMBCUS33,Rejected," ",Revoked," ",SUMITOMO MITSUI BANKING CORPORATION
MHCBINBB,SMHBDEFF,Rejected," ",Revoked," ",UBS EUROPE SE
MHCBINBB,SMZGJPJT,Enabled," ",Enabled," ","SHIMIZU BANK LTD., THE"
MHCBINBB,SNAIJPJT,Enabled," ",Enabled," ","SHONAI BANK, LTD., THE"
MHCBINBB,SOGEDZAL,Enabled," "," "," ",SOCIETE GENERALE ALGERIE
MHCBINBB,SOGEFRPP," "," ",Revoked," ",SOCIETE GENERALE
MHCBINBB,SOGETWTP,Rejected/Pending Reject Confirmation," ",Revoked/Pending Revoke Confirmation," ","SOCIETE GENERALE, TAIPEI BRANCH"
MHCBINBB,SOININ55," "," ",Enabled," ",THE SOUTH INDIAN BANK LTD
MHCBINBB,SOLADEST,Enabled," ",Enabled," ",LANDESBANK BADEN-WUERTTEMBERG
MHCBINBB,SPESDE3E,Revoked," ",Deleted," ",SPARKASSE ESSEN
MHCBINBB,SSBKJPJZ,Enabled," ",Enabled," ","SETO SHINKIN BANK, THE"
MHCBINBB,STSPAT2G,Enabled," ",Enabled," ",STEIERMAERKISCHE BANK UND SPARKASSEN AG
MHCBINBB,SUNYTWTP,Enabled," ",Enabled," ",SUNNY BANK LTD
MHCBINBB,SYBKDE22,Rejected," ",Revoked," ",SYDBANK A/S
MHCBINBB,SYBKDK22,Rejected," ",Revoked," ",SYDBANK A/S
MHCBINBB,SZDBCNBS,Enabled," "," "," ","PING AN BANK CO., LTD. (FORMERLY SHENZHEN DEVELOPMENT BANK CO.,LTD.)"
MHCBINBB,TACBTWTP,Rejected," ",Revoked," ",TAIWAN COOPERATIVE BANK LTD
MHCBINBB,TBCBGE22,Enabled," "," "," ",TBC BANK
MHCBINBB,TCBBTWTH,Enabled," ",Enabled," ","TAICHUNG COMMERCIAL BANK CO.,LTD."
MHCBINBB,TCCBCNBT,Enabled," ",Enabled," ","BANK OF TIANJIN CO., LTD."
MHCBINBB,TEBUTRIS,Enabled," ",Enabled," ",TURK EKONOMI BANKASI A.S.
MHCBINBB,TERCIT3T,Enabled," ",Enabled," ",
MHCBINBB,TFNBUS4H,Revoked," ",Deleted," ","GOLDEN BANK, N.A."
MHCBINBB,TGBAMTMT,Enabled," ",Enabled," ","GARANTI BANK, MALTA BRANCH"
MHCBINBB,TGBATRIS,Enabled," ",Enabled," ",TURKIYE GARANTI BANKASI A.S.
MHCBINBB,TKSBJPJZ,Enabled," ",Enabled," ","TOKUSHIMA BANK LTD, THE"
MHCBINBB,TLBPPHMM,Rejected," ",Revoked," ",LAND BANK OF THE PHILIPPINES
MHCBINBB,TMBLINBB," "," ",Enabled," ",TAMILNAD MERCANTILE BANK LIMITED
MHCBINBB,TPBKTWTP,Rejected," ",Revoked," ","TAIPEI FUBON COMMERCIAL BANK CO., LTD"
MHCBINBB,TPBKVNVX,Rejected," ",Revoked," ",TAIPEI FUBON COMMERCIAL BANK
MHCBINBB,TRHBTR2A,Enabled," "," "," ",TURKIYE HALK BANKASI A.S. (HEAD OFFICE)
MHCBINBB,UARBAEAA,Enabled," "," "," ",UNITED ARAB BANK
MHCBINBB,UBAFHKHX,Rejected," "," "," ",
MHCBINBB,UBHKHKHH,Rejected," ",Revoked," ",INDUSTRIAL AND COMMERCIAL BANK OF CHINA (ASIA) LIMITED
MHCBINBB,UBINHKHH,Enabled," ",Enabled," ",UNION BANK OF INDIA
MHCBINBB,UBININBB,Enabled," ",Enabled," ",UNION BANK OF INDIA
MHCBINBB,UBRTHUHB,Enabled," ",Enabled," ",RAIFFEISEN BANK ZRT.
MHCBINBB,UBSBCHZZ,Enabled," "," "," ",UBS AG
MHCBINBB,UBSWAU2S,Rejected," ",Revoked," ",UBS AG AUSTRALIA BRANCH
MHCBINBB,UBSWBSNS,Rejected," ",Revoked," ",
MHCBINBB,UBSWCATT,Revoked," ",Rejected," ",UBS BANK (CANADA)
MHCBINBB,UBSWCHZ9,Revoked," ",Rejected," ",
MHCBINBB,UBSWCHZH,Enabled," ",Enabled," ",UBS SWITZERLAND AG
MHCBINBB,UBSWCNBJ,Rejected," ",Revoked," ",UBS (CHINA) LIMITED
MHCBINBB,UBSWDEFF,Rejected," ",Revoked," ",UBS EUROPE SE
MHCBINBB,UBSWESMM,Revoked," ",Rejected," ","UBS EUROPE SE, SUCURSAL EN ESPANA"
MHCBINBB,UBSWGB2L,Rejected," ",Revoked," ",UBS AG LONDON BRANCH
MHCBINBB,UBSWHKHH,Rejected," ",Revoked," ",UBS AG HONG KONG BRANCH
MHCBINBB,UBSWJESH,Rejected," ",Revoked," ",UBS AG JERSEY BRANCH
MHCBINBB,UBSWJPJ9,Rejected," ",Revoked," ","UBS SECURITIES JAPAN CO., LTD."
MHCBINBB,UBSWJPJT,Rejected," ",Revoked," ",UBS AG TOKYO BRANCH
MHCBINBB,UBSWLULL,Rejected," ",Revoked," ","UBS EUROPE SE, LUXEMBOURG BRANCH"
MHCBINBB,UBSWMCMX,Rejected," ",Revoked," ",UBS (MONACO) S.A.
MHCBINBB,UBSWSGSG,Rejected," ",Revoked," ",UBS AG SINGAPORE BRANCH
MHCBINBB,UBSWTWTP,Rejected," ",Revoked," ",UBS AG TAIPEI BRANCH
MHCBINBB,UBSWUS33,Rejected," ",Revoked," ",UBS AG STAMFORD BRANCH
MHCBINBB,UCBAHKHH,Enabled," "," "," ",UCO BANK
MHCBINBB,UCBASGSG,Enabled," ",Enabled," ",UCO BANK
MHCBINBB,UKIOLT2X,Revoked," ",Deleted," ",
MHCBINBB,UNCRIT2B,Revoked," ",Deleted," ",
MHCBINBB,UNCRIT2T,Revoked," ",Deleted," ",
MHCBINBB,UNCRIT2V,Revoked," ",Deleted," ",
MHCBINBB,UNCRITMM,Revoked," ",Deleted," ",UNICREDIT S.P.A.
MHCBINBB,UNILUS33,Rejected," ",Revoked," ",
MHCBINBB,UNIOVECA,Revoked," ",Deleted," ",BANESCO BANCO UNIVERSAL C.A.
MHCBINBB,UOVBSGSG,Enabled," ",Enabled," ",UNITED OVERSEAS BANK LIMITED
MHCBINBB,USBKUS44,Enabled," ",Enabled," ",U.S. BANK N.A.
MHCBINBB,UTBLBDDH,Enabled," ",Enabled," ",UTTARA BANK LIMITED
MHCBINBB,VABECH22,Revoked," ",Deleted," ",VALIANT BANK AG
MHCBINBB,VBAAVNVX,Enabled," ",Enabled," ",VIETNAM BANK FOR AGRICULTURE AND RURAL DEVELOPMENT
MHCBINBB,VIDPVNV5,Enabled," ",Revoked," ",PUBLIC BANK VIETNAM LIMITED
MHCBINBB,VNIBVNVX,Enabled," ",Revoked," ",VIETNAM INTERNATIONAL COMMERCIAL JOINT STOCK BANK
MHCBINBB,VRBPIT2V,Enabled," ",Enabled," ",
MHCBINBB,VTBRRUMM,Enabled," ",Enabled," ",VTB BANK (PJSC)
MHCBINBB,WAHBLYLX,Revoked," "," "," ",WAHDA BANK
MHCBINBB,WELADEDD,Rejected," ",Revoked," ","LANDESBANK HESSEN-THUERINGEN GIROZENTRALE, DUESSELDORF"
MHCBINBB,WFBIUS6S,Enabled," ",Enabled," ","WELLS FARGO BANK, N.A."
MHCBINBB,WPACNZ2W,Enabled," ",Enabled," ","WESTPAC NEW ZEALAND LIMITED, A WHOLLY OWNED SUBSIDIARY OF WESTPAC BANKING CORPORATION"
MHCBINBB,WUBAHKHH,Enabled," ",Enabled," ",CMB WING LUNG BANK LIMITED
MHCBINBB,YESBINBB,Enabled," ",Enabled," ",YES BANK LIMITED
MHCBINBB,YKCBCNBJ,Enabled," "," "," ",BANK OF YINGKOU
MHCBINBB,YTCBCNSD,Enabled," ",Enabled," ","YANTAI BANK CO., LTD."
MHCBINBB,YZBKCN2N,Enabled," ",Enabled," ",YINZHOU BANK
MHCBINBB,ZENBJPJT,Enabled," ",Enabled," ",SHINKIN CENTRAL BANK
MHCBINBB,ZJCBCN2N,Enabled," ",Enabled," ",CHINA ZHESHANG BANK
